t [s] | x [m]],0,0.175,0.35,0.525,0.7,0.875,1.05,1.225,1.4,1.575,1.75,1.925,2.1,2.275,2.45,2.625,2.8,2.975,3.15,3.325
0,40.3629,40.3628,40.3621,40.3621,40.3621,40.3621,40.3621,40.3621,40.3621,40.3621,40.3621,40.3621,40.3621,40.3621,40.3621,40.3621,40.3621,40.3621,40.3621,40.3621
1.00087,40.5717,40.5609,40.5502,40.5395,40.5287,40.518,40.5073,40.4965,40.4858,40.475,40.4643,40.4536,40.4428,40.4321,40.4213,40.4105,40.3998,40.389,40.3782,40.3675
2.00012,40.5718,40.5611,40.5504,40.5396,40.5289,40.5182,40.5074,40.4967,40.4859,40.4752,40.4644,40.4537,40.4429,40.4321,40.4214,40.4106,40.3998,40.389,40.3783,40.3675
3.00013,40.5718,40.5611,40.5504,40.5396,40.5289,40.5182,40.5074,40.4967,40.4859,40.4752,40.4644,40.4537,40.4429,40.4321,40.4214,40.4106,40.3998,40.389,40.3783,40.3675
4.00038,40.5718,40.5611,40.5504,40.5396,40.5289,40.5182,40.5074,40.4967,40.4859,40.4752,40.4644,40.4537,40.4429,40.4321,40.4214,40.4106,40.3998,40.389,40.3783,40.3675
5.00012,40.5718,40.5611,40.5504,40.5396,40.5289,40.5182,40.5074,40.4967,40.4859,40.4752,40.4644,40.4536,40.4429,40.4321,40.4214,40.4106,40.3998,40.389,40.3783,40.3675
6.00037,40.5718,40.5611,40.5504,40.5396,40.5289,40.5182,40.5074,40.4967,40.4859,40.4752,40.4644,40.4537,40.4429,40.4321,40.4214,40.4106,40.3998,40.389,40.3783,40.3675
7.00012,40.5718,40.5611,40.5504,40.5396,40.5289,40.5182,40.5074,40.4967,40.4859,40.4752,40.4644,40.4537,40.4429,40.4321,40.4214,40.4106,40.3998,40.389,40.3783,40.3675
8.00037,40.5718,40.5611,40.5504,40.5396,40.5289,40.5182,40.5074,40.4967,40.4859,40.4752,40.4644,40.4536,40.4429,40.4321,40.4214,40.4106,40.3998,40.389,40.3783,40.3675
9.00062,40.5718,40.5611,40.5504,40.5396,40.5289,40.5182,40.5074,40.4967,40.4859,40.4752,40.4644,40.4537,40.4429,40.4321,40.4214,40.4106,40.3998,40.389,40.3783,40.3675
10.0004,40.5718,40.5611,40.5504,40.5396,40.5289,40.5182,40.5074,40.4967,40.4859,40.4752,40.4644,40.4536,40.4429,40.4321,40.4214,40.4106,40.3998,40.389,40.3783,40.3675
11.0001,40.5718,40.5611,40.5504,40.5396,40.5289,40.5182,40.5074,40.4967,40.4859,40.4752,40.4644,40.4537,40.4429,40.4321,40.4214,40.4106,40.3998,40.389,40.3783,40.3675
12.0001,40.5718,40.5611,40.5504,40.5396,40.5289,40.5182,40.5074,40.4967,40.4859,40.4752,40.4644,40.4537,40.4429,40.4321,40.4214,40.4106,40.3998,40.389,40.3783,40.3675
13.0004,40.5718,40.5611,40.5504,40.5396,40.5289,40.5182,40.5074,40.4967,40.4859,40.4752,40.4644,40.4537,40.4429,40.4321,40.4214,40.4106,40.3998,40.389,40.3783,40.3675
14.0001,40.5718,40.5611,40.5504,40.5396,40.5289,40.5182,40.5074,40.4967,40.4859,40.4752,40.4644,40.4537,40.4429,40.4321,40.4214,40.4106,40.3998,40.389,40.3783,40.3675
15.0004,40.5718,40.5611,40.5504,40.5396,40.5289,40.5182,40.5074,40.4967,40.4859,40.4752,40.4644,40.4536,40.4429,40.4321,40.4214,40.4106,40.3998,40.389,40.3783,40.3675
16.0001,40.5718,40.5611,40.5504,40.5396,40.5289,40.5182,40.5074,40.4967,40.4859,40.4752,40.4644,40.4536,40.4429,40.4321,40.4214,40.4106,40.3998,40.389,40.3783,40.3675
17.0009,40.5718,40.5611,40.5504,40.5396,40.5289,40.5182,40.5074,40.4967,40.4859,40.4752,40.4644,40.4536,40.4429,40.4321,40.4214,40.4106,40.3998,40.389,40.3783,40.3675
18.0001,40.5718,40.5611,40.5504,40.5396,40.5289,40.5182,40.5074,40.4967,40.4859,40.4752,40.4644,40.4536,40.4429,40.4321,40.4214,40.4106,40.3998,40.389,40.3783,40.3675
19.0001,40.5718,40.5611,40.5504,40.5396,40.5289,40.5182,40.5074,40.4967,40.4859,40.4752,40.4644,40.4537,40.4429,40.4321,40.4214,40.4106,40.3998,40.389,40.3783,40.3675
20.0004,40.5718,40.5611,40.5504,40.5396,40.5289,40.5182,40.5074,40.4967,40.4859,40.4752,40.4644,40.4537,40.4429,40.4321,40.4214,40.4106,40.3998,40.389,40.3783,40.3675
21.0001,40.5718,40.5611,40.5504,40.5396,40.5289,40.5182,40.5074,40.4967,40.4859,40.4752,40.4644,40.4537,40.4429,40.4321,40.4214,40.4106,40.3998,40.389,40.3783,40.3675
22.0004,40.5718,40.5611,40.5504,40.5396,40.5289,40.5182,40.5074,40.4967,40.4859,40.4752,40.4644,40.4536,40.4429,40.4321,40.4214,40.4106,40.3998,40.389,40.3783,40.3675
23.0001,40.5718,40.5611,40.5504,40.5396,40.5289,40.5182,40.5074,40.4967,40.4859,40.4752,40.4644,40.4536,40.4429,40.4321,40.4214,40.4106,40.3998,40.389,40.3783,40.3675
24.0004,40.5718,40.5611,40.5504,40.5396,40.5289,40.5182,40.5074,40.4967,40.4859,40.4752,40.4644,40.4537,40.4429,40.4321,40.4214,40.4106,40.3998,40.389,40.3783,40.3675
25.0006,40.5718,40.5611,40.5504,40.5396,40.5289,40.5182,40.5074,40.4967,40.4859,40.4752,40.4644,40.4536,40.4429,40.4321,40.4214,40.4106,40.3998,40.389,40.3783,40.3675
26.0004,40.5718,40.5611,40.5504,40.5396,40.5289,40.5182,40.5074,40.4967,40.4859,40.4752,40.4644,40.4537,40.4429,40.4321,40.4214,40.4106,40.3998,40.389,40.3783,40.3675
27.0001,40.5718,40.5611,40.5504,40.5396,40.5289,40.5182,40.5074,40.4967,40.4859,40.4752,40.4644,40.4537,40.4429,40.4321,40.4214,40.4106,40.3998,40.389,40.3783,40.3675
28.0001,40.5718,40.5611,40.5504,40.5396,40.5289,40.5182,40.5074,40.4967,40.4859,40.4752,40.4644,40.4537,40.4429,40.4321,40.4214,40.4106,40.3998,40.389,40.3783,40.3675
29.0004,40.5718,40.5611,40.5504,40.5396,40.5289,40.5182,40.5074,40.4967,40.4859,40.4752,40.4644,40.4536,40.4429,40.4321,40.4214,40.4106,40.3998,40.389,40.3783,40.3675
30.0001,40.5718,40.5611,40.5504,40.5396,40.5289,40.5182,40.5074,40.4967,40.4859,40.4752,40.4644,40.4536,40.4429,40.4321,40.4214,40.4106,40.3998,40.389,40.3783,40.3675
31.0004,40.5718,40.5611,40.5504,40.5396,40.5289,40.5182,40.5074,40.4967,40.4859,40.4752,40.4644,40.4537,40.4429,40.4321,40.4214,40.4106,40.3998,40.389,40.3783,40.3675
32.0001,40.5718,40.5611,40.5504,40.5396,40.5289,40.5182,40.5074,40.4967,40.4859,40.4752,40.4644,40.4537,40.4429,40.4321,40.4214,40.4106,40.3998,40.389,40.3783,40.3675
33.0009,40.5718,40.5611,40.5504,40.5396,40.5289,40.5182,40.5074,40.4967,40.4859,40.4752,40.4644,40.4537,40.4429,40.4321,40.4214,40.4106,40.3998,40.389,40.3783,40.3675
34.0001,40.5718,40.5611,40.5504,40.5396,40.5289,40.5182,40.5074,40.4967,40.4859,40.4752,40.4644,40.4537,40.4429,40.4321,40.4214,40.4106,40.3998,40.389,40.3783,40.3675
35.0001,40.5718,40.5611,40.5504,40.5396,40.5289,40.5182,40.5074,40.4967,40.4859,40.4752,40.4644,40.4537,40.4429,40.4321,40.4214,40.4106,40.3998,40.389,40.3783,40.3675
36.0004,40.5718,40.5611,40.5504,40.5396,40.5289,40.5182,40.5074,40.4967,40.4859,40.4752,40.4644,40.4537,40.4429,40.4321,40.4214,40.4106,40.3998,40.389,40.3783,40.3675
37.0001,40.5718,40.5611,40.5504,40.5396,40.5289,40.5182,40.5074,40.4967,40.4859,40.4752,40.4644,40.4536,40.4429,40.4321,40.4214,40.4106,40.3998,40.389,40.3783,40.3675
38.0004,40.5718,40.5611,40.5504,40.5396,40.5289,40.5182,40.5074,40.4967,40.4859,40.4752,40.4644,40.4537,40.4429,40.4321,40.4214,40.4106,40.3998,40.389,40.3783,40.3675
39.0001,40.5718,40.5611,40.5504,40.5396,40.5289,40.5182,40.5074,40.4967,40.4859,40.4752,40.4644,40.4537,40.4429,40.4321,40.4214,40.4106,40.3998,40.389,40.3783,40.3675
40.0004,40.5718,40.5611,40.5504,40.5396,40.5289,40.5182,40.5074,40.4967,40.4859,40.4752,40.4644,40.4536,40.4429,40.4321,40.4214,40.4106,40.3998,40.389,40.3783,40.3675
41.0006,40.5718,40.5611,40.5504,40.5396,40.5289,40.5182,40.5074,40.4967,40.4859,40.4752,40.4644,40.4537,40.4429,40.4321,40.4214,40.4106,40.3998,40.389,40.3783,40.3675
42.0004,40.5718,40.5611,40.5504,40.5396,40.5289,40.5182,40.5074,40.4967,40.4859,40.4752,40.4644,40.4536,40.4429,40.4321,40.4214,40.4106,40.3998,40.389,40.3783,40.3675
43.0001,40.5718,40.5611,40.5504,40.5396,40.5289,40.5182,40.5074,40.4967,40.4859,40.4752,40.4644,40.4537,40.4429,40.4321,40.4214,40.4106,40.3998,40.389,40.3783,40.3675
44.0001,40.5718,40.5611,40.5504,40.5396,40.5289,40.5181,40.5074,40.4967,40.4859,40.4752,40.4644,40.4536,40.4429,40.4321,40.4214,40.4106,40.3998,40.389,40.3783,40.3675
45.0004,40.5718,40.5611,40.5504,40.5396,40.5289,40.5182,40.5074,40.4967,40.4859,40.4752,40.4644,40.4537,40.4429,40.4321,40.4214,40.4106,40.3998,40.389,40.3783,40.3675
46.0001,40.5718,40.5611,40.5504,40.5396,40.5289,40.5182,40.5074,40.4967,40.4859,40.4752,40.4644,40.4537,40.4429,40.4321,40.4214,40.4106,40.3998,40.389,40.3783,40.3675
47.0004,40.5718,40.5611,40.5504,40.5396,40.5289,40.5182,40.5074,40.4967,40.4859,40.4752,40.4644,40.4536,40.4429,40.4321,40.4214,40.4106,40.3998,40.389,40.3783,40.3675
48.0001,40.5718,40.5611,40.5504,40.5396,40.5289,40.5182,40.5074,40.4967,40.4859,40.4752,40.4644,40.4536,40.4429,40.4321,40.4214,40.4106,40.3998,40.389,40.3783,40.3675
49.0009,40.5718,40.5611,40.5504,40.5396,40.5289,40.5182,40.5074,40.4967,40.4859,40.4752,40.4644,40.4536,40.4429,40.4321,40.4214,40.4106,40.3998,40.389,40.3783,40.3675
50.0001,40.5718,40.5611,40.5504,40.5396,40.5289,40.5182,40.5074,40.4967,40.4859,40.4752,40.4644,40.4536,40.4429,40.4321,40.4214,40.4106,40.3998,40.389,40.3783,40.3675
51.0001,40.5718,40.5611,40.5504,40.5396,40.5289,40.5182,40.5074,40.4967,40.4859,40.4752,40.4644,40.4537,40.4429,40.4321,40.4214,40.4106,40.3998,40.389,40.3783,40.3675
52.0004,40.5718,40.5611,40.5504,40.5396,40.5289,40.5182,40.5074,40.4967,40.4859,40.4752,40.4644,40.4537,40.4429,40.4321,40.4214,40.4106,40.3998,40.389,40.3783,40.3675
53.0001,40.5718,40.5611,40.5504,40.5396,40.5289,40.5182,40.5074,40.4967,40.4859,40.4752,40.4644,40.4537,40.4429,40.4321,40.4214,40.4106,40.3998,40.389,40.3783,40.3675
54.0004,40.5718,40.5611,40.5504,40.5396,40.5289,40.5182,40.5074,40.4967,40.4859,40.4752,40.4644,40.4536,40.4429,40.4321,40.4214,40.4106,40.3998,40.389,40.3783,40.3675
55.0001,40.5718,40.5611,40.5504,40.5396,40.5289,40.5182,40.5074,40.4967,40.4859,40.4752,40.4644,40.4536,40.4429,40.4321,40.4214,40.4106,40.3998,40.389,40.3783,40.3675
56.0004,40.5718,40.5611,40.5504,40.5396,40.5289,40.5182,40.5074,40.4967,40.4859,40.4752,40.4644,40.4537,40.4429,40.4321,40.4214,40.4106,40.3998,40.389,40.3783,40.3675
57.0006,40.5718,40.5611,40.5504,40.5396,40.5289,40.5182,40.5074,40.4967,40.4859,40.4752,40.4644,40.4536,40.4429,40.4321,40.4214,40.4106,40.3998,40.389,40.3783,40.3675
58.0004,40.5718,40.5611,40.5504,40.5396,40.5289,40.5182,40.5074,40.4967,40.4859,40.4752,40.4644,40.4537,40.4429,40.4321,40.4214,40.4106,40.3998,40.389,40.3783,40.3675
59.0001,40.5718,40.5611,40.5504,40.5396,40.5289,40.5182,40.5074,40.4967,40.4859,40.4752,40.4644,40.4537,40.4429,40.4321,40.4214,40.4106,40.3998,40.389,40.3783,40.3675
60.0001,40.5718,40.5611,40.5504,40.5396,40.5289,40.5182,40.5074,40.4967,40.4859,40.4752,40.4644,40.4537,40.4429,40.4321,40.4214,40.4106,40.3998,40.389,40.3783,40.3675
61.0004,40.5718,40.5611,40.5504,40.5396,40.5289,40.5182,40.5074,40.4967,40.4859,40.4752,40.4644,40.4536,40.4429,40.4321,40.4214,40.4106,40.3998,40.389,40.3783,40.3675
62.0001,40.5718,40.5611,40.5504,40.5396,40.5289,40.5182,40.5074,40.4967,40.4859,40.4752,40.4644,40.4536,40.4429,40.4321,40.4214,40.4106,40.3998,40.389,40.3783,40.3675
63.0004,40.5718,40.5611,40.5504,40.5396,40.5289,40.5182,40.5074,40.4967,40.4859,40.4752,40.4644,40.4537,40.4429,40.4321,40.4214,40.4106,40.3998,40.389,40.3783,40.3675
64.0001,40.5718,40.5611,40.5504,40.5396,40.5289,40.5182,40.5074,40.4967,40.4859,40.4752,40.4644,40.4537,40.4429,40.4321,40.4214,40.4106,40.3998,40.389,40.3783,40.3675
65.0009,40.5718,40.5611,40.5504,40.5396,40.5289,40.5182,40.5074,40.4967,40.4859,40.4752,40.4644,40.4537,40.4429,40.4321,40.4214,40.4106,40.3998,40.389,40.3783,40.3675
66.0001,40.5718,40.5611,40.5504,40.5396,40.5289,40.5182,40.5074,40.4967,40.4859,40.4752,40.4644,40.4537,40.4429,40.4321,40.4214,40.4106,40.3998,40.389,40.3783,40.3675
67.0001,40.5718,40.5611,40.5504,40.5396,40.5289,40.5182,40.5074,40.4967,40.4859,40.4752,40.4644,40.4537,40.4429,40.4321,40.4214,40.4106,40.3998,40.389,40.3783,40.3675
68.0004,40.5718,40.5611,40.5504,40.5396,40.5289,40.5182,40.5074,40.4967,40.4859,40.4752,40.4644,40.4537,40.4429,40.4321,40.4214,40.4106,40.3998,40.389,40.3783,40.3675
69.0001,40.5718,40.5611,40.5504,40.5396,40.5289,40.5182,40.5074,40.4967,40.4859,40.4752,40.4644,40.4536,40.4429,40.4321,40.4214,40.4106,40.3998,40.389,40.3783,40.3675
70.0004,40.5718,40.5611,40.5504,40.5396,40.5289,40.5182,40.5074,40.4967,40.4859,40.4752,40.4644,40.4537,40.4429,40.4321,40.4214,40.4106,40.3998,40.389,40.3783,40.3675
71.0001,40.5718,40.5611,40.5504,40.5396,40.5289,40.5182,40.5074,40.4967,40.4859,40.4752,40.4644,40.4537,40.4429,40.4321,40.4214,40.4106,40.3998,40.389,40.3783,40.3675
72.0004,40.5718,40.5611,40.5504,40.5396,40.5289,40.5182,40.5074,40.4967,40.4859,40.4752,40.4644,40.4536,40.4429,40.4321,40.4214,40.4106,40.3998,40.389,40.3783,40.3675
73.0006,40.5718,40.5611,40.5504,40.5396,40.5289,40.5182,40.5074,40.4967,40.4859,40.4752,40.4644,40.4537,40.4429,40.4321,40.4214,40.4106,40.3998,40.389,40.3783,40.3675
74.0004,40.5718,40.5611,40.5504,40.5396,40.5289,40.5182,40.5074,40.4967,40.4859,40.4752,40.4644,40.4536,40.4429,40.4321,40.4214,40.4106,40.3998,40.389,40.3783,40.3675
75.0001,40.5718,40.5611,40.5504,40.5396,40.5289,40.5182,40.5074,40.4967,40.4859,40.4752,40.4644,40.4537,40.4429,40.4321,40.4214,40.4106,40.3998,40.389,40.3783,40.3675
76.0001,40.5718,40.5611,40.5504,40.5396,40.5289,40.5181,40.5074,40.4967,40.4859,40.4752,40.4644,40.4536,40.4429,40.4321,40.4214,40.4106,40.3998,40.389,40.3783,40.3675
77.0004,40.5718,40.5611,40.5504,40.5396,40.5289,40.5182,40.5074,40.4967,40.4859,40.4752,40.4644,40.4537,40.4429,40.4321,40.4214,40.4106,40.3998,40.389,40.3783,40.3675
78.0001,40.5718,40.5611,40.5504,40.5396,40.5289,40.5182,40.5074,40.4967,40.4859,40.4752,40.4644,40.4537,40.4429,40.4321,40.4214,40.4106,40.3998,40.389,40.3783,40.3675
79.0004,40.5718,40.5611,40.5504,40.5396,40.5289,40.5182,40.5074,40.4967,40.4859,40.4752,40.4644,40.4536,40.4429,40.4321,40.4214,40.4106,40.3998,40.389,40.3783,40.3675
80.0001,40.5718,40.5611,40.5504,40.5396,40.5289,40.5182,40.5074,40.4967,40.4859,40.4752,40.4644,40.4536,40.4429,40.4321,40.4214,40.4106,40.3998,40.389,40.3783,40.3675
81.0009,40.5718,40.5611,40.5504,40.5396,40.5289,40.5182,40.5074,40.4967,40.4859,40.4752,40.4644,40.4536,40.4429,40.4321,40.4214,40.4106,40.3998,40.389,40.3783,40.3675
82.0001,40.5718,40.5611,40.5504,40.5396,40.5289,40.5182,40.5074,40.4967,40.4859,40.4752,40.4644,40.4537,40.4429,40.4321,40.4214,40.4106,40.3998,40.389,40.3783,40.3675
83.0001,40.5718,40.5611,40.5504,40.5396,40.5289,40.5182,40.5074,40.4967,40.4859,40.4752,40.4644,40.4537,40.4429,40.4321,40.4214,40.4106,40.3998,40.389,40.3783,40.3675
84.0004,40.5718,40.5611,40.5504,40.5396,40.5289,40.5182,40.5074,40.4967,40.4859,40.4752,40.4644,40.4537,40.4429,40.4321,40.4214,40.4106,40.3998,40.389,40.3783,40.3675
85.0001,40.5718,40.5611,40.5504,40.5396,40.5289,40.5182,40.5074,40.4967,40.4859,40.4752,40.4644,40.4537,40.4429,40.4321,40.4214,40.4106,40.3998,40.389,40.3783,40.3675
86.0004,40.5718,40.5611,40.5504,40.5396,40.5289,40.5182,40.5074,40.4967,40.4859,40.4752,40.4644,40.4536,40.4429,40.4321,40.4214,40.4106,40.3998,40.389,40.3783,40.3675
87.0001,40.5718,40.5611,40.5504,40.5396,40.5289,40.5182,40.5074,40.4967,40.4859,40.4752,40.4644,40.4536,40.4429,40.4321,40.4214,40.4106,40.3998,40.389,40.3783,40.3675
88.0004,40.5718,40.5611,40.5504,40.5396,40.5289,40.5182,40.5074,40.4967,40.4859,40.4752,40.4644,40.4537,40.4429,40.4321,40.4214,40.4106,40.3998,40.389,40.3783,40.3675
89.0006,40.5718,40.5611,40.5504,40.5396,40.5289,40.5182,40.5074,40.4967,40.4859,40.4752,40.4644,40.4536,40.4429,40.4321,40.4214,40.4106,40.3998,40.389,40.3783,40.3675
90.0004,40.5718,40.5611,40.5504,40.5396,40.5289,40.5182,40.5074,40.4967,40.4859,40.4752,40.4644,40.4537,40.4429,40.4321,40.4214,40.4106,40.3998,40.389,40.3783,40.3675
91.0001,40.5718,40.5611,40.5504,40.5396,40.5289,40.5182,40.5074,40.4967,40.4859,40.4752,40.4644,40.4537,40.4429,40.4321,40.4214,40.4106,40.3998,40.389,40.3783,40.3675
92.0001,40.5718,40.5611,40.5504,40.5396,40.5289,40.5182,40.5074,40.4967,40.4859,40.4752,40.4644,40.4537,40.4429,40.4321,40.4214,40.4106,40.3998,40.389,40.3783,40.3675
93.0004,40.5718,40.5611,40.5504,40.5396,40.5289,40.5182,40.5074,40.4967,40.4859,40.4752,40.4644,40.4536,40.4429,40.4321,40.4214,40.4106,40.3998,40.389,40.3783,40.3675
94.0001,40.5718,40.5611,40.5504,40.5396,40.5289,40.5182,40.5074,40.4967,40.4859,40.4752,40.4644,40.4536,40.4429,40.4321,40.4214,40.4106,40.3998,40.389,40.3783,40.3675
95.0004,40.5718,40.5611,40.5504,40.5396,40.5289,40.5182,40.5074,40.4967,40.4859,40.4752,40.4644,40.4537,40.4429,40.4321,40.4214,40.4106,40.3998,40.389,40.3783,40.3675
96.0006,40.5718,40.5611,40.5504,40.5396,40.5289,40.5182,40.5074,40.4967,40.4859,40.4752,40.4644,40.4536,40.4429,40.4321,40.4214,40.4106,40.3998,40.389,40.3783,40.3675
97.0009,40.5718,40.5611,40.5504,40.5396,40.5289,40.5182,40.5074,40.4967,40.4859,40.4752,40.4644,40.4537,40.4429,40.4321,40.4214,40.4106,40.3998,40.389,40.3783,40.3675
98.0001,40.5718,40.5611,40.5504,40.5396,40.5289,40.5182,40.5074,40.4967,40.4859,40.4752,40.4644,40.4537,40.4429,40.4321,40.4214,40.4106,40.3998,40.389,40.3783,40.3675
99.0001,40.5718,40.5611,40.5504,40.5396,40.5289,40.5182,40.5074,40.4967,40.4859,40.4752,40.4644,40.4537,40.4429,40.4321,40.4214,40.4106,40.3998,40.389,40.3783,40.3675
100,40.5718,40.5611,40.5504,40.5396,40.5289,40.5182,40.5074,40.4967,40.4859,40.4752,40.4644,40.4537,40.4429,40.4321,40.4214,40.4106,40.3998,40.389,40.3783,40.3675
101,40.5718,40.5611,40.5504,40.5396,40.5289,40.5182,40.5074,40.4967,40.4859,40.4752,40.4644,40.4536,40.4429,40.4321,40.4214,40.4106,40.3998,40.389,40.3783,40.3675
102,40.5718,40.5611,40.5504,40.5396,40.5289,40.5182,40.5074,40.4967,40.4859,40.4752,40.4644,40.4537,40.4429,40.4321,40.4214,40.4106,40.3998,40.389,40.3783,40.3675
103,40.5718,40.5611,40.5504,40.5396,40.5289,40.5182,40.5074,40.4967,40.4859,40.4752,40.4644,40.4537,40.4429,40.4321,40.4214,40.4106,40.3998,40.389,40.3783,40.3675
104,40.5718,40.5611,40.5504,40.5396,40.5289,40.5182,40.5074,40.4967,40.4859,40.4752,40.4644,40.4536,40.4429,40.4321,40.4214,40.4106,40.3998,40.389,40.3783,40.3675
105,40.5718,40.5611,40.5504,40.5396,40.5289,40.5182,40.5074,40.4967,40.4859,40.4752,40.4644,40.4537,40.4429,40.4321,40.4214,40.4106,40.3998,40.389,40.3783,40.3675
106,40.5718,40.5611,40.5504,40.5396,40.5289,40.5182,40.5074,40.4967,40.4859,40.4752,40.4644,40.4536,40.4429,40.4321,40.4214,40.4106,40.3998,40.389,40.3783,40.3675
107,40.5718,40.5611,40.5504,40.5396,40.5289,40.5182,40.5074,40.4967,40.4859,40.4752,40.4644,40.4537,40.4429,40.4321,40.4214,40.4106,40.3998,40.389,40.3783,40.3675
108,40.5718,40.5611,40.5504,40.5396,40.5289,40.5181,40.5074,40.4967,40.4859,40.4752,40.4644,40.4536,40.4429,40.4321,40.4214,40.4106,40.3998,40.389,40.3783,40.3675
109,40.5718,40.5611,40.5504,40.5396,40.5289,40.5182,40.5074,40.4967,40.4859,40.4752,40.4644,40.4537,40.4429,40.4321,40.4214,40.4106,40.3998,40.389,40.3783,40.3675
110,40.5718,40.5611,40.5504,40.5396,40.5289,40.5182,40.5074,40.4967,40.4859,40.4752,40.4644,40.4537,40.4429,40.4321,40.4214,40.4106,40.3998,40.389,40.3783,40.3675
111,40.5718,40.5611,40.5504,40.5396,40.5289,40.5182,40.5074,40.4967,40.4859,40.4752,40.4644,40.4536,40.4429,40.4321,40.4214,40.4106,40.3998,40.389,40.3783,40.3675
112.001,40.5718,40.5611,40.5504,40.5396,40.5289,40.5182,40.5074,40.4967,40.4859,40.4752,40.4644,40.4537,40.4429,40.4321,40.4214,40.4106,40.3998,40.389,40.3783,40.3675
113.001,40.5718,40.5611,40.5504,40.5396,40.5289,40.5182,40.5074,40.4967,40.4859,40.4752,40.4644,40.4536,40.4429,40.4321,40.4214,40.4106,40.3998,40.389,40.3783,40.3675
114,40.5718,40.5611,40.5504,40.5396,40.5289,40.5182,40.5074,40.4967,40.4859,40.4752,40.4644,40.4537,40.4429,40.4321,40.4214,40.4106,40.3998,40.389,40.3783,40.3675
115,40.5718,40.5611,40.5504,40.5396,40.5289,40.5182,40.5074,40.4967,40.4859,40.4752,40.4644,40.4537,40.4429,40.4321,40.4214,40.4106,40.3998,40.389,40.3783,40.3675
116,40.5718,40.5611,40.5504,40.5396,40.5289,40.5182,40.5074,40.4967,40.4859,40.4752,40.4644,40.4537,40.4429,40.4321,40.4214,40.4106,40.3998,40.389,40.3783,40.3675
117,40.5718,40.5611,40.5504,40.5396,40.5289,40.5182,40.5074,40.4967,40.4859,40.4752,40.4644,40.4537,40.4429,40.4321,40.4214,40.4106,40.3998,40.389,40.3783,40.3675
118,40.5718,40.5611,40.5504,40.5396,40.5289,40.5182,40.5074,40.4967,40.4859,40.4752,40.4644,40.4536,40.4429,40.4321,40.4214,40.4106,40.3998,40.389,40.3783,40.3675
119,40.5718,40.5611,40.5504,40.5396,40.5289,40.5182,40.5074,40.4967,40.4859,40.4752,40.4644,40.4536,40.4429,40.4321,40.4214,40.4106,40.3998,40.389,40.3783,40.3675
120,40.5718,40.5611,40.5504,40.5396,40.5289,40.5182,40.5074,40.4967,40.4859,40.4752,40.4644,40.4537,40.4429,40.4321,40.4214,40.4106,40.3998,40.389,40.3783,40.3675
121,40.5718,40.5611,40.5504,40.5396,40.5289,40.5182,40.5074,40.4967,40.4859,40.4752,40.4644,40.4536,40.4429,40.4321,40.4214,40.4106,40.3998,40.389,40.3783,40.3675
122,40.5718,40.5611,40.5504,40.5396,40.5289,40.5182,40.5074,40.4967,40.4859,40.4752,40.4644,40.4537,40.4429,40.4321,40.4214,40.4106,40.3998,40.389,40.3783,40.3675
123,40.5718,40.5611,40.5504,40.5396,40.5289,40.5182,40.5074,40.4967,40.4859,40.4752,40.4644,40.4537,40.4429,40.4321,40.4214,40.4106,40.3998,40.389,40.3783,40.3675
124,40.5718,40.5611,40.5504,40.5396,40.5289,40.5182,40.5074,40.4967,40.4859,40.4752,40.4644,40.4537,40.4429,40.4321,40.4214,40.4106,40.3998,40.389,40.3783,40.3675
125,40.5718,40.5611,40.5504,40.5396,40.5289,40.5182,40.5074,40.4967,40.4859,40.4752,40.4644,40.4536,40.4429,40.4321,40.4214,40.4106,40.3998,40.389,40.3783,40.3675
126,40.5718,40.5611,40.5504,40.5396,40.5289,40.5182,40.5074,40.4967,40.4859,40.4752,40.4644,40.4536,40.4429,40.4321,40.4214,40.4106,40.3998,40.389,40.3783,40.3675
127,40.5718,40.5611,40.5504,40.5396,40.5289,40.5182,40.5074,40.4967,40.4859,40.4752,40.4644,40.4537,40.4429,40.4321,40.4214,40.4106,40.3998,40.389,40.3783,40.3675
128.001,40.5718,40.5611,40.5504,40.5396,40.5289,40.5182,40.5074,40.4967,40.4859,40.4752,40.4644,40.4536,40.4429,40.4321,40.4214,40.4106,40.3998,40.389,40.3783,40.3675
129.001,40.5718,40.5611,40.5504,40.5396,40.5289,40.5182,40.5074,40.4967,40.4859,40.4752,40.4644,40.4537,40.4429,40.4321,40.4214,40.4106,40.3998,40.389,40.3783,40.3675
130,40.5718,40.5611,40.5504,40.5396,40.5289,40.5182,40.5074,40.4967,40.4859,40.4752,40.4644,40.4537,40.4429,40.4321,40.4214,40.4106,40.3998,40.389,40.3783,40.3675
131,40.5718,40.5611,40.5504,40.5396,40.5289,40.5182,40.5074,40.4967,40.4859,40.4752,40.4644,40.4537,40.4429,40.4321,40.4214,40.4106,40.3998,40.389,40.3783,40.3675
132,40.5718,40.5611,40.5504,40.5396,40.5289,40.5182,40.5074,40.4967,40.4859,40.4752,40.4644,40.4537,40.4429,40.4321,40.4214,40.4106,40.3998,40.389,40.3783,40.3675
133,40.5718,40.5611,40.5504,40.5396,40.5289,40.5182,40.5074,40.4967,40.4859,40.4752,40.4644,40.4536,40.4429,40.4321,40.4214,40.4106,40.3998,40.389,40.3783,40.3675
134,40.5718,40.5611,40.5504,40.5396,40.5289,40.5182,40.5074,40.4967,40.4859,40.4752,40.4644,40.4537,40.4429,40.4321,40.4214,40.4106,40.3998,40.389,40.3783,40.3675
135,40.5718,40.5611,40.5504,40.5396,40.5289,40.5182,40.5074,40.4967,40.4859,40.4752,40.4644,40.4537,40.4429,40.4321,40.4214,40.4106,40.3998,40.389,40.3783,40.3675
136,40.5718,40.5611,40.5504,40.5396,40.5289,40.5182,40.5074,40.4967,40.4859,40.4752,40.4644,40.4536,40.4429,40.4321,40.4214,40.4106,40.3998,40.389,40.3783,40.3675
137,40.5718,40.5611,40.5504,40.5396,40.5289,40.5182,40.5074,40.4967,40.4859,40.4752,40.4644,40.4537,40.4429,40.4321,40.4214,40.4106,40.3998,40.389,40.3783,40.3675
138,40.5718,40.5611,40.5504,40.5396,40.5289,40.5182,40.5074,40.4967,40.4859,40.4752,40.4644,40.4536,40.4429,40.4321,40.4214,40.4106,40.3998,40.389,40.3783,40.3675
139,40.5718,40.5611,40.5504,40.5396,40.5289,40.5182,40.5074,40.4967,40.4859,40.4752,40.4644,40.4537,40.4429,40.4321,40.4214,40.4106,40.3998,40.389,40.3783,40.3675
140,40.5718,40.5611,40.5504,40.5396,40.5289,40.5182,40.5074,40.4967,40.4859,40.4752,40.4644,40.4536,40.4429,40.4321,40.4214,40.4106,40.3998,40.389,40.3783,40.3675
141,40.5718,40.5611,40.5504,40.5396,40.5289,40.5182,40.5074,40.4967,40.4859,40.4752,40.4644,40.4537,40.4429,40.4321,40.4214,40.4106,40.3998,40.389,40.3783,40.3675
142,40.5718,40.5611,40.5504,40.5396,40.5289,40.5182,40.5074,40.4967,40.4859,40.4752,40.4644,40.4537,40.4429,40.4321,40.4214,40.4106,40.3998,40.389,40.3783,40.3675
143,40.5718,40.5611,40.5504,40.5396,40.5289,40.5182,40.5074,40.4967,40.4859,40.4752,40.4644,40.4536,40.4429,40.4321,40.4214,40.4106,40.3998,40.389,40.3783,40.3675
144.001,40.5718,40.5611,40.5504,40.5396,40.5289,40.5182,40.5074,40.4967,40.4859,40.4752,40.4644,40.4537,40.4429,40.4321,40.4214,40.4106,40.3998,40.389,40.3783,40.3675
145.001,40.5718,40.5611,40.5504,40.5396,40.5289,40.5182,40.5074,40.4967,40.4859,40.4752,40.4644,40.4536,40.4429,40.4321,40.4214,40.4106,40.3998,40.389,40.3783,40.3675
146,40.5718,40.5611,40.5504,40.5396,40.5289,40.5182,40.5074,40.4967,40.4859,40.4752,40.4644,40.4537,40.4429,40.4321,40.4214,40.4106,40.3998,40.389,40.3783,40.3675
147,40.5718,40.5611,40.5504,40.5396,40.5289,40.5182,40.5074,40.4967,40.4859,40.4752,40.4644,40.4537,40.4429,40.4321,40.4214,40.4106,40.3998,40.389,40.3783,40.3675
148,40.5718,40.5611,40.5504,40.5396,40.5289,40.5182,40.5074,40.4967,40.4859,40.4752,40.4644,40.4537,40.4429,40.4321,40.4214,40.4106,40.3998,40.389,40.3783,40.3675
149,40.5718,40.5611,40.5504,40.5396,40.5289,40.5182,40.5074,40.4967,40.4859,40.4752,40.4644,40.4537,40.4429,40.4321,40.4214,40.4106,40.3998,40.389,40.3783,40.3675
150,40.5718,40.5611,40.5504,40.5396,40.5289,40.5182,40.5074,40.4967,40.4859,40.4752,40.4644,40.4536,40.4429,40.4321,40.4214,40.4106,40.3998,40.389,40.3783,40.3675
151,40.5718,40.5611,40.5504,40.5396,40.5289,40.5182,40.5074,40.4967,40.4859,40.4752,40.4644,40.4536,40.4429,40.4321,40.4214,40.4106,40.3998,40.389,40.3783,40.3675
152,40.5718,40.5611,40.5504,40.5396,40.5289,40.5182,40.5074,40.4967,40.4859,40.4752,40.4644,40.4537,40.4429,40.4321,40.4214,40.4106,40.3998,40.389,40.3783,40.3675
153,40.5718,40.5611,40.5504,40.5396,40.5289,40.5182,40.5074,40.4967,40.4859,40.4752,40.4644,40.4536,40.4429,40.4321,40.4214,40.4106,40.3998,40.389,40.3783,40.3675
154,40.5718,40.5611,40.5504,40.5396,40.5289,40.5182,40.5074,40.4967,40.4859,40.4752,40.4644,40.4537,40.4429,40.4321,40.4214,40.4106,40.3998,40.389,40.3783,40.3675
155,40.5718,40.5611,40.5504,40.5396,40.5289,40.5182,40.5074,40.4967,40.4859,40.4752,40.4644,40.4537,40.4429,40.4321,40.4214,40.4106,40.3998,40.389,40.3783,40.3675
156,40.5718,40.5611,40.5504,40.5396,40.5289,40.5182,40.5074,40.4967,40.4859,40.4752,40.4644,40.4537,40.4429,40.4321,40.4214,40.4106,40.3998,40.389,40.3783,40.3675
157,40.5718,40.5611,40.5504,40.5396,40.5289,40.5182,40.5074,40.4967,40.4859,40.4752,40.4644,40.4536,40.4429,40.4321,40.4214,40.4106,40.3998,40.389,40.3783,40.3675
158,40.5718,40.5611,40.5504,40.5396,40.5289,40.5182,40.5074,40.4967,40.4859,40.4752,40.4644,40.4536,40.4429,40.4321,40.4214,40.4106,40.3998,40.389,40.3783,40.3675
159,40.5718,40.5611,40.5504,40.5396,40.5289,40.5182,40.5074,40.4967,40.4859,40.4752,40.4644,40.4537,40.4429,40.4321,40.4214,40.4106,40.3998,40.389,40.3783,40.3675
160.001,40.5718,40.5611,40.5504,40.5396,40.5289,40.5182,40.5074,40.4967,40.4859,40.4752,40.4644,40.4536,40.4429,40.4321,40.4214,40.4106,40.3998,40.389,40.3783,40.3675
161.001,40.5718,40.5611,40.5504,40.5396,40.5289,40.5182,40.5074,40.4967,40.4859,40.4752,40.4644,40.4537,40.4429,40.4321,40.4214,40.4106,40.3998,40.389,40.3783,40.3675
162,40.5718,40.5611,40.5504,40.5396,40.5289,40.5182,40.5074,40.4967,40.4859,40.4752,40.4644,40.4537,40.4429,40.4321,40.4214,40.4106,40.3998,40.389,40.3783,40.3675
163,40.5718,40.5611,40.5504,40.5396,40.5289,40.5182,40.5074,40.4967,40.4859,40.4752,40.4644,40.4537,40.4429,40.4321,40.4214,40.4106,40.3998,40.389,40.3783,40.3675
164,40.5718,40.5611,40.5504,40.5396,40.5289,40.5181,40.5074,40.4967,40.4859,40.4752,40.4644,40.4536,40.4429,40.4321,40.4214,40.4106,40.3998,40.389,40.3783,40.3675
165,40.5718,40.5611,40.5504,40.5396,40.5289,40.5182,40.5074,40.4967,40.4859,40.4752,40.4644,40.4536,40.4429,40.4321,40.4214,40.4106,40.3998,40.389,40.3783,40.3675
166,40.5718,40.5611,40.5504,40.5396,40.5289,40.5182,40.5074,40.4967,40.4859,40.4752,40.4644,40.4537,40.4429,40.4321,40.4214,40.4106,40.3998,40.389,40.3783,40.3675
167,40.5718,40.5611,40.5504,40.5396,40.5289,40.5182,40.5074,40.4967,40.4859,40.4752,40.4644,40.4537,40.4429,40.4321,40.4214,40.4106,40.3998,40.389,40.3783,40.3675
168,40.5718,40.5611,40.5504,40.5396,40.5289,40.5182,40.5074,40.4967,40.4859,40.4752,40.4644,40.4536,40.4429,40.4321,40.4214,40.4106,40.3998,40.389,40.3783,40.3675
169,40.5718,40.5611,40.5504,40.5396,40.5289,40.5182,40.5074,40.4967,40.4859,40.4752,40.4644,40.4537,40.4429,40.4321,40.4214,40.4106,40.3998,40.389,40.3783,40.3675
170,40.5718,40.5611,40.5504,40.5396,40.5289,40.5182,40.5074,40.4967,40.4859,40.4752,40.4644,40.4536,40.4429,40.4321,40.4214,40.4106,40.3998,40.389,40.3783,40.3675
171,40.5718,40.5611,40.5504,40.5396,40.5289,40.5182,40.5074,40.4967,40.4859,40.4752,40.4644,40.4537,40.4429,40.4321,40.4214,40.4106,40.3998,40.389,40.3783,40.3675
172,40.5718,40.5611,40.5504,40.5396,40.5289,40.5182,40.5074,40.4967,40.4859,40.4752,40.4644,40.4536,40.4429,40.4321,40.4214,40.4106,40.3998,40.389,40.3783,40.3675
173,40.5718,40.5611,40.5504,40.5396,40.5289,40.5182,40.5074,40.4967,40.4859,40.4752,40.4644,40.4537,40.4429,40.4321,40.4214,40.4106,40.3998,40.389,40.3783,40.3675
174,40.5718,40.5611,40.5504,40.5396,40.5289,40.5182,40.5074,40.4967,40.4859,40.4752,40.4644,40.4537,40.4429,40.4321,40.4214,40.4106,40.3998,40.389,40.3783,40.3675
175,40.5718,40.5611,40.5504,40.5396,40.5289,40.5182,40.5074,40.4967,40.4859,40.4752,40.4644,40.4536,40.4429,40.4321,40.4214,40.4106,40.3998,40.389,40.3783,40.3675
176.001,40.5718,40.5611,40.5504,40.5396,40.5289,40.5182,40.5074,40.4967,40.4859,40.4752,40.4644,40.4537,40.4429,40.4321,40.4214,40.4106,40.3998,40.389,40.3783,40.3675
177.001,40.5718,40.5611,40.5504,40.5396,40.5289,40.5182,40.5074,40.4967,40.4859,40.4752,40.4644,40.4536,40.4429,40.4321,40.4214,40.4106,40.3998,40.389,40.3783,40.3675
178,40.5718,40.5611,40.5504,40.5396,40.5289,40.5182,40.5074,40.4967,40.4859,40.4752,40.4644,40.4537,40.4429,40.4321,40.4214,40.4106,40.3998,40.389,40.3783,40.3675
179,40.5718,40.5611,40.5504,40.5396,40.5289,40.5182,40.5074,40.4967,40.4859,40.4752,40.4644,40.4537,40.4429,40.4321,40.4214,40.4106,40.3998,40.389,40.3783,40.3675
180,40.5718,40.5611,40.5504,40.5396,40.5289,40.5182,40.5074,40.4967,40.4859,40.4752,40.4644,40.4537,40.4429,40.4321,40.4214,40.4106,40.3998,40.389,40.3783,40.3675
181,40.5718,40.5611,40.5504,40.5396,40.5289,40.5182,40.5074,40.4967,40.4859,40.4752,40.4644,40.4537,40.4429,40.4321,40.4214,40.4106,40.3998,40.389,40.3783,40.3675
182,40.5718,40.5611,40.5504,40.5396,40.5289,40.5182,40.5074,40.4967,40.4859,40.4752,40.4644,40.4536,40.4429,40.4321,40.4214,40.4106,40.3998,40.389,40.3783,40.3675
183,40.5718,40.5611,40.5504,40.5396,40.5289,40.5182,40.5074,40.4967,40.4859,40.4752,40.4644,40.4536,40.4429,40.4321,40.4214,40.4106,40.3998,40.389,40.3783,40.3675
184,40.5718,40.5611,40.5504,40.5396,40.5289,40.5182,40.5074,40.4967,40.4859,40.4752,40.4644,40.4537,40.4429,40.4321,40.4214,40.4106,40.3998,40.389,40.3783,40.3675
185,40.5718,40.5611,40.5504,40.5396,40.5289,40.5182,40.5074,40.4967,40.4859,40.4752,40.4644,40.4536,40.4429,40.4321,40.4214,40.4106,40.3998,40.389,40.3783,40.3675
186,40.5718,40.5611,40.5504,40.5396,40.5289,40.5182,40.5074,40.4967,40.4859,40.4752,40.4644,40.4537,40.4429,40.4321,40.4214,40.4106,40.3998,40.389,40.3783,40.3675
187,40.5718,40.5611,40.5504,40.5396,40.5289,40.5182,40.5074,40.4967,40.4859,40.4752,40.4644,40.4537,40.4429,40.4321,40.4214,40.4106,40.3998,40.389,40.3783,40.3675
188,40.5718,40.5611,40.5504,40.5396,40.5289,40.5182,40.5074,40.4967,40.4859,40.4752,40.4644,40.4537,40.4429,40.4321,40.4214,40.4106,40.3998,40.389,40.3783,40.3675
189,40.5718,40.5611,40.5504,40.5396,40.5289,40.5182,40.5074,40.4967,40.4859,40.4752,40.4644,40.4536,40.4429,40.4321,40.4214,40.4106,40.3998,40.389,40.3783,40.3675
190,40.5718,40.5611,40.5504,40.5396,40.5289,40.5182,40.5074,40.4967,40.4859,40.4752,40.4644,40.4536,40.4429,40.4321,40.4214,40.4106,40.3998,40.389,40.3783,40.3675
191,40.5718,40.5611,40.5504,40.5396,40.5289,40.5182,40.5074,40.4967,40.4859,40.4752,40.4644,40.4537,40.4429,40.4321,40.4214,40.4106,40.3998,40.389,40.3783,40.3675
192.001,40.5718,40.5611,40.5504,40.5396,40.5289,40.5182,40.5074,40.4967,40.4859,40.4752,40.4644,40.4536,40.4429,40.4321,40.4214,40.4106,40.3998,40.389,40.3783,40.3675
193.001,40.5718,40.5611,40.5504,40.5396,40.5289,40.5182,40.5074,40.4967,40.4859,40.4752,40.4644,40.4537,40.4429,40.4321,40.4214,40.4106,40.3998,40.389,40.3783,40.3675
194,40.5718,40.5611,40.5504,40.5396,40.5289,40.5182,40.5074,40.4967,40.4859,40.4752,40.4644,40.4537,40.4429,40.4321,40.4214,40.4106,40.3998,40.389,40.3783,40.3675
195,40.5718,40.5611,40.5504,40.5396,40.5289,40.5182,40.5074,40.4967,40.4859,40.4752,40.4644,40.4537,40.4429,40.4321,40.4214,40.4106,40.3998,40.389,40.3783,40.3675
196,40.5718,40.5611,40.5504,40.5396,40.5289,40.5181,40.5074,40.4967,40.4859,40.4752,40.4644,40.4536,40.4429,40.4321,40.4214,40.4106,40.3998,40.389,40.3783,40.3675
197,40.5718,40.5611,40.5504,40.5396,40.5289,40.5182,40.5074,40.4967,40.4859,40.4752,40.4644,40.4536,40.4429,40.4321,40.4214,40.4106,40.3998,40.389,40.3783,40.3675
198,40.5718,40.5611,40.5504,40.5396,40.5289,40.5182,40.5074,40.4967,40.4859,40.4752,40.4644,40.4537,40.4429,40.4321,40.4214,40.4106,40.3998,40.389,40.3783,40.3675
199,40.5718,40.5611,40.5504,40.5396,40.5289,40.5182,40.5074,40.4967,40.4859,40.4752,40.4644,40.4537,40.4429,40.4321,40.4214,40.4106,40.3998,40.389,40.3783,40.3675
200,40.5718,40.5611,40.5504,40.5396,40.5289,40.5182,40.5074,40.4967,40.4859,40.4752,40.4644,40.4536,40.4429,40.4321,40.4214,40.4106,40.3998,40.389,40.3783,40.3675
201,40.5718,40.5611,40.5504,40.5396,40.5289,40.5182,40.5074,40.4967,40.4859,40.4752,40.4644,40.4537,40.4429,40.4321,40.4214,40.4106,40.3998,40.389,40.3783,40.3675
202,40.5718,40.5611,40.5504,40.5396,40.5289,40.5182,40.5074,40.4967,40.4859,40.4752,40.4644,40.4537,40.4429,40.4321,40.4214,40.4106,40.3998,40.389,40.3783,40.3675
203,40.5718,40.5611,40.5504,40.5396,40.5289,40.5182,40.5074,40.4967,40.4859,40.4752,40.4644,40.4537,40.4429,40.4321,40.4214,40.4106,40.3998,40.389,40.3783,40.3675
204,40.5718,40.5611,40.5504,40.5396,40.5289,40.5182,40.5074,40.4967,40.4859,40.4752,40.4644,40.4536,40.4429,40.4321,40.4214,40.4106,40.3998,40.389,40.3783,40.3675
205,40.5718,40.5611,40.5504,40.5396,40.5289,40.5182,40.5074,40.4967,40.4859,40.4752,40.4644,40.4537,40.4429,40.4321,40.4214,40.4106,40.3998,40.389,40.3783,40.3675
206,40.5718,40.5611,40.5504,40.5396,40.5289,40.5182,40.5074,40.4967,40.4859,40.4752,40.4644,40.4537,40.4429,40.4321,40.4214,40.4106,40.3998,40.389,40.3783,40.3675
207,40.5718,40.5611,40.5504,40.5396,40.5289,40.5182,40.5074,40.4967,40.4859,40.4752,40.4644,40.4536,40.4429,40.4321,40.4214,40.4106,40.3998,40.389,40.3783,40.3675
208.001,40.5718,40.5611,40.5504,40.5396,40.5289,40.5182,40.5074,40.4967,40.4859,40.4752,40.4644,40.4537,40.4429,40.4321,40.4214,40.4106,40.3998,40.389,40.3783,40.3675
209.001,40.5718,40.5611,40.5504,40.5396,40.5289,40.5182,40.5074,40.4967,40.4859,40.4752,40.4644,40.4536,40.4429,40.4321,40.4214,40.4106,40.3998,40.389,40.3783,40.3675
210,40.5718,40.5611,40.5504,40.5396,40.5289,40.5182,40.5074,40.4967,40.4859,40.4752,40.4644,40.4537,40.4429,40.4321,40.4214,40.4106,40.3998,40.389,40.3783,40.3675
211,40.5718,40.5611,40.5504,40.5396,40.5289,40.5182,40.5074,40.4967,40.4859,40.4752,40.4644,40.4537,40.4429,40.4321,40.4214,40.4106,40.3998,40.389,40.3783,40.3675
212,40.5718,40.5611,40.5504,40.5396,40.5289,40.5182,40.5074,40.4967,40.4859,40.4752,40.4644,40.4537,40.4429,40.4321,40.4214,40.4106,40.3998,40.389,40.3783,40.3675
213,40.5718,40.5611,40.5504,40.5396,40.5289,40.5182,40.5074,40.4967,40.4859,40.4752,40.4644,40.4537,40.4429,40.4321,40.4214,40.4106,40.3998,40.389,40.3783,40.3675
214,40.5718,40.5611,40.5504,40.5396,40.5289,40.5182,40.5074,40.4967,40.4859,40.4752,40.4644,40.4536,40.4429,40.4321,40.4214,40.4106,40.3998,40.389,40.3783,40.3675
215,40.5718,40.5611,40.5504,40.5396,40.5289,40.5182,40.5074,40.4967,40.4859,40.4752,40.4644,40.4536,40.4429,40.4321,40.4214,40.4106,40.3998,40.389,40.3783,40.3675
216.001,40.5718,40.5611,40.5504,40.5396,40.5289,40.5182,40.5074,40.4967,40.4859,40.4752,40.4644,40.4536,40.4429,40.4321,40.4214,40.4106,40.3998,40.389,40.3783,40.3675
217,40.5718,40.5611,40.5504,40.5396,40.5289,40.5182,40.5074,40.4967,40.4859,40.4752,40.4644,40.4536,40.4429,40.4321,40.4214,40.4106,40.3998,40.389,40.3783,40.3675
218,40.5718,40.5611,40.5504,40.5396,40.5289,40.5182,40.5074,40.4967,40.4859,40.4752,40.4644,40.4537,40.4429,40.4321,40.4214,40.4106,40.3998,40.389,40.3783,40.3675
219,40.5718,40.5611,40.5504,40.5396,40.5289,40.5182,40.5074,40.4967,40.4859,40.4752,40.4644,40.4537,40.4429,40.4321,40.4214,40.4106,40.3998,40.389,40.3783,40.3675
220,40.5718,40.5611,40.5504,40.5396,40.5289,40.5182,40.5074,40.4967,40.4859,40.4752,40.4644,40.4537,40.4429,40.4321,40.4214,40.4106,40.3998,40.389,40.3783,40.3675
221,40.5718,40.5611,40.5504,40.5396,40.5289,40.5182,40.5074,40.4967,40.4859,40.4752,40.4644,40.4536,40.4429,40.4321,40.4214,40.4106,40.3998,40.389,40.3783,40.3675
222,40.5718,40.5611,40.5504,40.5396,40.5289,40.5182,40.5074,40.4967,40.4859,40.4752,40.4644,40.4536,40.4429,40.4321,40.4214,40.4106,40.3998,40.389,40.3783,40.3675
223,40.5718,40.5611,40.5504,40.5396,40.5289,40.5182,40.5074,40.4967,40.4859,40.4752,40.4644,40.4537,40.4429,40.4321,40.4214,40.4106,40.3998,40.389,40.3783,40.3675
224.001,40.5718,40.5611,40.5504,40.5396,40.5289,40.5182,40.5074,40.4967,40.4859,40.4752,40.4644,40.4536,40.4429,40.4321,40.4214,40.4106,40.3998,40.389,40.3783,40.3675
225,40.5718,40.5611,40.5504,40.5396,40.5289,40.5182,40.5074,40.4967,40.4859,40.4752,40.4644,40.4537,40.4429,40.4321,40.4214,40.4106,40.3998,40.389,40.3783,40.3675
226,40.5718,40.5611,40.5504,40.5396,40.5289,40.5182,40.5074,40.4967,40.4859,40.4752,40.4644,40.4537,40.4429,40.4321,40.4214,40.4106,40.3998,40.389,40.3783,40.3675
227,40.5718,40.5611,40.5504,40.5396,40.5289,40.5182,40.5074,40.4967,40.4859,40.4752,40.4644,40.4537,40.4429,40.4321,40.4214,40.4106,40.3998,40.389,40.3783,40.3675
228,40.5718,40.5611,40.5504,40.5396,40.5289,40.5181,40.5074,40.4967,40.4859,40.4752,40.4644,40.4536,40.4429,40.4321,40.4214,40.4106,40.3998,40.389,40.3783,40.3675
229,40.5718,40.5611,40.5504,40.5396,40.5289,40.5182,40.5074,40.4967,40.4859,40.4752,40.4644,40.4536,40.4429,40.4321,40.4214,40.4106,40.3998,40.389,40.3783,40.3675
230,40.5718,40.5611,40.5504,40.5396,40.5289,40.5182,40.5074,40.4967,40.4859,40.4752,40.4644,40.4537,40.4429,40.4321,40.4214,40.4106,40.3998,40.389,40.3783,40.3675
231,40.5718,40.5611,40.5504,40.5396,40.5289,40.5182,40.5074,40.4967,40.4859,40.4752,40.4644,40.4537,40.4429,40.4321,40.4214,40.4106,40.3998,40.389,40.3783,40.3675
232.001,40.5718,40.5611,40.5504,40.5396,40.5289,40.5182,40.5074,40.4967,40.4859,40.4752,40.4644,40.4537,40.4429,40.4321,40.4214,40.4106,40.3998,40.389,40.3783,40.3675
233,40.5718,40.5611,40.5504,40.5396,40.5289,40.5182,40.5074,40.4967,40.4859,40.4752,40.4644,40.4537,40.4429,40.4321,40.4214,40.4106,40.3998,40.389,40.3783,40.3675
234,40.5718,40.5611,40.5504,40.5396,40.5289,40.5182,40.5074,40.4967,40.4859,40.4752,40.4644,40.4537,40.4429,40.4321,40.4214,40.4106,40.3998,40.389,40.3783,40.3675
235,40.5718,40.5611,40.5504,40.5396,40.5289,40.5182,40.5074,40.4967,40.4859,40.4752,40.4644,40.4537,40.4429,40.4321,40.4214,40.4106,40.3998,40.389,40.3783,40.3675
236,40.5718,40.5611,40.5504,40.5396,40.5289,40.5182,40.5074,40.4967,40.4859,40.4752,40.4644,40.4536,40.4429,40.4321,40.4214,40.4106,40.3998,40.389,40.3783,40.3675
237,40.5718,40.5611,40.5504,40.5396,40.5289,40.5182,40.5074,40.4967,40.4859,40.4752,40.4644,40.4537,40.4429,40.4321,40.4214,40.4106,40.3998,40.389,40.3783,40.3675
238,40.5718,40.5611,40.5504,40.5396,40.5289,40.5182,40.5074,40.4967,40.4859,40.4752,40.4644,40.4537,40.4429,40.4321,40.4214,40.4106,40.3998,40.389,40.3783,40.3675
239,40.5718,40.5611,40.5504,40.5396,40.5289,40.5182,40.5074,40.4967,40.4859,40.4752,40.4644,40.4536,40.4429,40.4321,40.4214,40.4106,40.3998,40.389,40.3783,40.3675
240.001,40.5718,40.5611,40.5504,40.5396,40.5289,40.5182,40.5074,40.4967,40.4859,40.4752,40.4644,40.4537,40.4429,40.4321,40.4214,40.4106,40.3998,40.389,40.3783,40.3675
241,40.5718,40.5611,40.5504,40.5396,40.5289,40.5182,40.5074,40.4967,40.4859,40.4752,40.4644,40.4536,40.4429,40.4321,40.4214,40.4106,40.3998,40.389,40.3783,40.3675
242,40.5718,40.5611,40.5504,40.5396,40.5289,40.5182,40.5074,40.4967,40.4859,40.4752,40.4644,40.4537,40.4429,40.4321,40.4214,40.4106,40.3998,40.389,40.3783,40.3675
243,40.5718,40.5611,40.5504,40.5396,40.5289,40.5181,40.5074,40.4967,40.4859,40.4752,40.4644,40.4536,40.4429,40.4321,40.4214,40.4106,40.3998,40.389,40.3783,40.3675
244,40.5718,40.5611,40.5504,40.5396,40.5289,40.5182,40.5074,40.4967,40.4859,40.4752,40.4644,40.4537,40.4429,40.4321,40.4214,40.4106,40.3998,40.389,40.3783,40.3675
245,40.5718,40.5611,40.5504,40.5396,40.5289,40.5182,40.5074,40.4967,40.4859,40.4752,40.4644,40.4537,40.4429,40.4321,40.4214,40.4106,40.3998,40.389,40.3783,40.3675
246,40.5718,40.5611,40.5504,40.5396,40.5289,40.5182,40.5074,40.4967,40.4859,40.4752,40.4644,40.4536,40.4429,40.4321,40.4214,40.4106,40.3998,40.389,40.3783,40.3675
247,40.5718,40.5611,40.5504,40.5396,40.5289,40.5182,40.5074,40.4967,40.4859,40.4752,40.4644,40.4536,40.4429,40.4321,40.4214,40.4106,40.3998,40.389,40.3783,40.3675
248.001,40.5718,40.5611,40.5504,40.5396,40.5289,40.5182,40.5074,40.4967,40.4859,40.4752,40.4644,40.4536,40.4429,40.4321,40.4214,40.4106,40.3998,40.389,40.3783,40.3675
249,40.5718,40.5611,40.5504,40.5396,40.5289,40.5182,40.5074,40.4967,40.4859,40.4752,40.4644,40.4536,40.4429,40.4321,40.4214,40.4106,40.3998,40.389,40.3783,40.3675
250,40.5718,40.5611,40.5504,40.5396,40.5289,40.5182,40.5074,40.4967,40.4859,40.4752,40.4644,40.4537,40.4429,40.4321,40.4214,40.4106,40.3998,40.389,40.3783,40.3675
251,40.5718,40.5611,40.5504,40.5396,40.5289,40.5182,40.5074,40.4967,40.4859,40.4752,40.4644,40.4537,40.4429,40.4321,40.4214,40.4106,40.3998,40.389,40.3783,40.3675
252,40.5718,40.5611,40.5504,40.5396,40.5289,40.5182,40.5074,40.4967,40.4859,40.4752,40.4644,40.4537,40.4429,40.4321,40.4214,40.4106,40.3998,40.389,40.3783,40.3675
253,40.5718,40.5611,40.5504,40.5396,40.5289,40.5182,40.5074,40.4967,40.4859,40.4752,40.4644,40.4536,40.4429,40.4321,40.4214,40.4106,40.3998,40.389,40.3783,40.3675
254,40.5718,40.5611,40.5504,40.5396,40.5289,40.5182,40.5074,40.4967,40.4859,40.4752,40.4644,40.4536,40.4429,40.4321,40.4214,40.4106,40.3998,40.389,40.3783,40.3675
255,40.5718,40.5611,40.5504,40.5396,40.5289,40.5182,40.5074,40.4967,40.4859,40.4752,40.4644,40.4537,40.4429,40.4321,40.4214,40.4106,40.3998,40.389,40.3783,40.3675
256.001,40.5718,40.5611,40.5504,40.5396,40.5289,40.5182,40.5074,40.4967,40.4859,40.4752,40.4644,40.4536,40.4429,40.4321,40.4214,40.4106,40.3998,40.389,40.3783,40.3675
257,40.5718,40.5611,40.5504,40.5396,40.5289,40.5182,40.5074,40.4967,40.4859,40.4752,40.4644,40.4537,40.4429,40.4321,40.4214,40.4106,40.3998,40.389,40.3783,40.3675
258,40.5718,40.5611,40.5504,40.5396,40.5289,40.5182,40.5074,40.4967,40.4859,40.4752,40.4644,40.4537,40.4429,40.4321,40.4214,40.4106,40.3998,40.389,40.3783,40.3675
259,40.5718,40.5611,40.5504,40.5396,40.5289,40.5182,40.5074,40.4967,40.4859,40.4752,40.4644,40.4537,40.4429,40.4321,40.4214,40.4106,40.3998,40.389,40.3783,40.3675
260,40.5718,40.5611,40.5504,40.5396,40.5289,40.5182,40.5074,40.4967,40.4859,40.4752,40.4644,40.4536,40.4429,40.4321,40.4214,40.4106,40.3998,40.389,40.3783,40.3675
261,40.5718,40.5611,40.5504,40.5396,40.5289,40.5182,40.5074,40.4967,40.4859,40.4752,40.4644,40.4536,40.4429,40.4321,40.4214,40.4106,40.3998,40.389,40.3783,40.3675
262,40.5718,40.5611,40.5504,40.5396,40.5289,40.5182,40.5074,40.4967,40.4859,40.4752,40.4644,40.4537,40.4429,40.4321,40.4214,40.4106,40.3998,40.389,40.3783,40.3675
263,40.5718,40.5611,40.5504,40.5396,40.5289,40.5182,40.5074,40.4967,40.4859,40.4752,40.4644,40.4537,40.4429,40.4321,40.4214,40.4106,40.3998,40.389,40.3783,40.3675
264.001,40.5718,40.5611,40.5504,40.5396,40.5289,40.5182,40.5074,40.4967,40.4859,40.4752,40.4644,40.4537,40.4429,40.4321,40.4214,40.4106,40.3998,40.389,40.3783,40.3675
265,40.5718,40.5611,40.5504,40.5396,40.5289,40.5182,40.5074,40.4967,40.4859,40.4752,40.4644,40.4537,40.4429,40.4321,40.4214,40.4106,40.3998,40.389,40.3783,40.3675
266,40.5718,40.5611,40.5504,40.5396,40.5289,40.5182,40.5074,40.4967,40.4859,40.4752,40.4644,40.4537,40.4429,40.4321,40.4214,40.4106,40.3998,40.389,40.3783,40.3675
267,40.5718,40.5611,40.5504,40.5396,40.5289,40.5182,40.5074,40.4967,40.4859,40.4752,40.4644,40.4537,40.4429,40.4321,40.4214,40.4106,40.3998,40.389,40.3783,40.3675
268,40.5718,40.5611,40.5504,40.5396,40.5289,40.5182,40.5074,40.4967,40.4859,40.4752,40.4644,40.4536,40.4429,40.4321,40.4214,40.4106,40.3998,40.389,40.3783,40.3675
269,40.5718,40.5611,40.5504,40.5396,40.5289,40.5182,40.5074,40.4967,40.4859,40.4752,40.4644,40.4537,40.4429,40.4321,40.4214,40.4106,40.3998,40.389,40.3783,40.3675
270,40.5718,40.5611,40.5504,40.5396,40.5289,40.5182,40.5074,40.4967,40.4859,40.4752,40.4644,40.4537,40.4429,40.4321,40.4214,40.4106,40.3998,40.389,40.3783,40.3675
271,40.5718,40.5611,40.5504,40.5396,40.5289,40.5182,40.5074,40.4967,40.4859,40.4752,40.4644,40.4536,40.4429,40.4321,40.4214,40.4106,40.3998,40.389,40.3783,40.3675
272.001,40.5718,40.5611,40.5504,40.5396,40.5289,40.5182,40.5074,40.4967,40.4859,40.4752,40.4644,40.4537,40.4429,40.4321,40.4214,40.4106,40.3998,40.389,40.3783,40.3675
273,40.5718,40.5611,40.5504,40.5396,40.5289,40.5182,40.5074,40.4967,40.4859,40.4752,40.4644,40.4536,40.4429,40.4321,40.4214,40.4106,40.3998,40.389,40.3783,40.3675
274,40.5718,40.5611,40.5504,40.5396,40.5289,40.5182,40.5074,40.4967,40.4859,40.4752,40.4644,40.4537,40.4429,40.4321,40.4214,40.4106,40.3998,40.389,40.3783,40.3675
275,40.5718,40.5611,40.5504,40.5396,40.5289,40.5181,40.5074,40.4967,40.4859,40.4752,40.4644,40.4536,40.4429,40.4321,40.4214,40.4106,40.3998,40.389,40.3783,40.3675
276,40.5718,40.5611,40.5504,40.5396,40.5289,40.5182,40.5074,40.4967,40.4859,40.4752,40.4644,40.4537,40.4429,40.4321,40.4214,40.4106,40.3998,40.389,40.3783,40.3675
277,40.5718,40.5611,40.5504,40.5396,40.5289,40.5182,40.5074,40.4967,40.4859,40.4752,40.4644,40.4537,40.4429,40.4321,40.4214,40.4106,40.3998,40.389,40.3783,40.3675
278,40.5718,40.5611,40.5504,40.5396,40.5289,40.5182,40.5074,40.4967,40.4859,40.4752,40.4644,40.4536,40.4429,40.4321,40.4214,40.4106,40.3998,40.389,40.3783,40.3675
279,40.5718,40.5611,40.5504,40.5396,40.5289,40.5182,40.5074,40.4967,40.4859,40.4752,40.4644,40.4536,40.4429,40.4321,40.4214,40.4106,40.3998,40.389,40.3783,40.3675
280.001,40.5718,40.5611,40.5504,40.5396,40.5289,40.5182,40.5074,40.4967,40.4859,40.4752,40.4644,40.4536,40.4429,40.4321,40.4214,40.4106,40.3998,40.389,40.3783,40.3675
281,40.5718,40.5611,40.5504,40.5396,40.5289,40.5182,40.5074,40.4967,40.4859,40.4752,40.4644,40.4536,40.4429,40.4321,40.4214,40.4106,40.3998,40.389,40.3783,40.3675
282,40.5718,40.5611,40.5504,40.5396,40.5289,40.5182,40.5074,40.4967,40.4859,40.4752,40.4644,40.4537,40.4429,40.4321,40.4214,40.4106,40.3998,40.389,40.3783,40.3675
283,40.5718,40.5611,40.5504,40.5396,40.5289,40.5182,40.5074,40.4967,40.4859,40.4752,40.4644,40.4537,40.4429,40.4321,40.4214,40.4106,40.3998,40.389,40.3783,40.3675
284,40.5718,40.5611,40.5504,40.5396,40.5289,40.5182,40.5074,40.4967,40.4859,40.4752,40.4644,40.4537,40.4429,40.4321,40.4214,40.4106,40.3998,40.389,40.3783,40.3675
285,40.5718,40.5611,40.5504,40.5396,40.5289,40.5182,40.5074,40.4967,40.4859,40.4752,40.4644,40.4536,40.4429,40.4321,40.4214,40.4106,40.3998,40.389,40.3783,40.3675
286,40.5718,40.5611,40.5504,40.5396,40.5289,40.5182,40.5074,40.4967,40.4859,40.4752,40.4644,40.4536,40.4429,40.4321,40.4214,40.4106,40.3998,40.389,40.3783,40.3675
287,40.5718,40.5611,40.5504,40.5396,40.5289,40.5182,40.5074,40.4967,40.4859,40.4752,40.4644,40.4537,40.4429,40.4321,40.4214,40.4106,40.3998,40.389,40.3783,40.3675
288.001,40.5718,40.5611,40.5504,40.5396,40.5289,40.5182,40.5074,40.4967,40.4859,40.4752,40.4644,40.4536,40.4429,40.4321,40.4214,40.4106,40.3998,40.389,40.3783,40.3675
